t,t_planning,a0,a1,a2,q0,q0dot,fk0_x,fk0_y,q1,q1dot,fk1_x,fk1_y,q2,q2dot,fk2_x,fk2_y,fk3_x,fk3_y,obst_0_0_0,obst_0_1_0,obst_0_2_0
0.0,0.00040200699731940404,2.412906592169639e-06,-0.0005701995839653444,0.0,-0.30641603647345195,0.4006399212200905,0.0,0.0,0.44986842014561107,0.0013213347240163533,-0.30641603647345195,0.44986842014561107,-8.775913719853194e-06,-0.00017551753912826786,-0.30641603647345195,0.44986842014561107,-0.30641603647345195,0.44986842014561107,1.5,0.0,0.0
0.05,0.0002387040003668517,-0.40200424518260114,2.010493352113997,0.0,-0.28141603044118557,0.5000001206453296,0.0,0.0,0.4548669946466132,0.09997149002080205,-0.28141603044118557,0.4548669946466132,2.5161795098189155e-07,2.7030723188568244e-06,-0.28141603044118557,0.4548669946466132,-0.28141603044118557,0.4548669946466132,1.5,0.0,0.0
0.1,0.00028404400291037746,-0.08341794432940586,0.19966219744248742,0.0,-0.25742103502187585,0.47989990838619956,0.0,0.0,0.4648918025279377,0.20049615762649975,-0.25742103502187585,0.4648918025279377,-1.4168315967529924e-06,2.6116814426217088e-06,-0.25742103502187585,0.4648918025279377,-0.25742103502187585,0.4648918025279377,1.5,0.0,0.0
0.15000000000000002,0.00020248600048944354,-0.0006084681468804809,0.0013733390196291884,0.0,-0.2336345844633893,0.47572901116972927,0.0,0.0,0.475415765902869,0.2104792674986238,-0.2336345844633893,0.475415765902869,-1.660676184947532e-06,2.5891382552860166e-06,-0.2336345844633893,0.475415765902869,-0.2336345844633893,0.475415765902869,1.5,0.0,0.0
0.2,0.00036711899883812293,0.07282591059483856,-0.16453980262005885,0.0,-0.20984965507527004,0.4756985877623852,0.0,0.0,0.4859431626253496,0.21054793444960543,-0.20984965507527004,0.4859431626253496,-1.5339505004359211e-06,2.588972510403461e-06,-0.20984965507527004,0.4859431626253496,-0.20984965507527004,0.4859431626253496,1.5,0.0,0.0
0.25,0.00026179300039075315,0.34218861272360196,-0.810717786381934,0.0,-0.18588266091066358,0.4793398832921271,0.0,0.0,0.49605920984127944,0.20232094431860306,-0.18588266091066358,0.49605920984127944,-1.0776021635766365e-06,2.6089541575691362e-06,-0.18588266091066358,0.49605920984127944,-0.18588266091066358,0.49605920984127944,1.5,0.0,0.0
0.3,0.0002154059984604828,-0.20100998837293504,0.6168142967199001,0.0,-0.16106019521424836,0.4964493139283072,0.0,0.0,0.5041484625912546,0.16178505499950852,-0.16106019521424836,0.5041484625912546,5.889814585752306e-07,2.705513156392829e-06,-0.16106019521424836,0.5041484625912546,-0.16106019521424836,0.5041484625912546,1.5,0.0,0.0
0.35,0.00023527699886471964,-0.1097153317244421,0.2770419144477068,0.0,-0.13674025448876542,0.48639881450966044,0.0,0.0,0.5137797510830302,0.1926257698355025,-0.13674025448876542,0.5137797510830302,-1.7793158462851788e-07,2.6523986267253547e-06,-0.13674025448876542,0.5137797510830302,-0.13674025448876542,0.5137797510830302,1.5,0.0,0.0
0.39999999999999997,0.00021304899928509258,-0.08138059643982555,0.18954568011282677,0.0,-0.11269460209259358,0.4809130479234383,0.0,0.0,0.524103644360925,0.2064778655578874,-0.11269460209259358,0.524103644360925,-5.377744969923963e-07,2.622800721395198e-06,-0.11269460209259358,0.524103644360925,-0.11269460209259358,0.524103644360925,1.5,0.0,0.0
0.44999999999999996,0.0002085960004478693,-0.06694093924503002,0.14781024318718008,0.0,-0.08885240118752125,0.47684401810144705,0.0,0.0,0.5349014018391011,0.21595514956352846,-0.08885240118752125,0.5349014018391011,-7.719204163086381e-07,2.600747354025596e-06,-0.08885240118752125,0.5349014018391011,-0.08885240118752125,0.5349014018391011,1.5,0.0,0.0
0.49999999999999994,0.00024072900123428553,-0.058039779356088485,0.12304540870123525,0.0,-0.06517755263056135,0.47349697113919553,0.0,0.0,0.5460686849252454,0.22334566172288728,-0.06517755263056135,0.5460686849252454,-9.4235685957143e-07,2.582570279666266e-06,-0.06517755263056135,0.5460686849252454,-0.06517755263056135,0.5460686849252454,1.5,0.0,0.0
0.5499999999999999,0.00021776699941256084,-0.05199534263988617,0.10661859889487349,0.0,-0.04164780352199182,0.4705949821713911,0.0,0.0,0.5575435815331425,0.22949793215794886,-0.04164780352199182,0.5575435815331425,-1.0737489902764748e-06,2.5667920325532866e-06,-0.04164780352199182,0.5575435815331425,-0.04164780352199182,0.5575435815331425,1.5,0.0,0.0
0.6,0.00022266900123213418,-0.047659218079543,0.09498103660925723,0.0,-0.01824804277002201,0.4679952150393968,0.0,0.0,0.5692850246382781,0.2348288621026924,-0.01824804277002201,0.5692850246382781,-1.1787991791729708e-06,2.552646466966261e-06,-0.01824804277002201,0.5692850246382781,-0.01824804277002201,0.5692850246382781,1.5,0.0,0.0
0.65,0.000211547998333117,-0.044449788724467205,0.08638680704918394,0.0,0.005032569936748971,0.4656122541354196,0.0,0.0,0.5812639203349365,0.2395779139331552,0.005032569936748971,0.5812639203349365,-1.2650935756131744e-06,2.5396738756361796e-06,0.005032569936748971,0.5812639203349365,0.005032569936748971,0.5812639203349365,1.5,0.0,0.0
0.7000000000000001,0.0002455239991832059,-0.04203895276490518,0.07987144838181102,0.0,0.028202058171708774,0.46338976469919624,0.0,0.0,0.5934587830492175,0.24389725428561432,0.028202058171708774,0.5934587830492175,-1.3376307553482307e-06,2.527570335837754e-06,0.028202058171708774,0.5934587830492175,0.028202058171708774,0.5934587830492175,1.5,0.0,0.0
0.7500000000000001,0.0002562930021667853,-0.04022791161599852,0.0748581705095163,0.0,0.05126644902475634,0.46128781706095096,0.0,0.0,0.605853324384452,0.24789082670470478,0.05126644902475634,0.605853324384452,-1.3999518100541547e-06,2.5161200359294174e-06,0.05126644902475634,0.605853324384452,0.05126644902475634,0.605853324384452,1.5,0.0,0.0
0.8000000000000002,0.00021104599727550521,-0.038890688985364734,0.07098247905596985,0.0,0.07423027009876396,0.459276421480151,0.0,0.0,0.6184350111459603,0.25163373523018057,0.07423027009876396,0.6184350111459603,-1.4547163124387056e-06,2.505160651274508e-06,0.07423027009876396,0.6184350111459603,0.07423027009876396,0.6184350111459603,1.5,0.0,0.0
0.8500000000000002,0.0002133310008503031,-0.03794584242327424,0.06800556764453305,0.0,0.09709686445030805,0.4573318870308828,0.0,0.0,0.6311941541051094,0.255182859182979,0.09709686445030805,0.6311941541051094,-1.5040265032962561e-06,2.494563796205941e-06,0.09709686445030805,0.6311941541051094,0.09709686445030805,0.6311941541051094,1.5,0.0,0.0
0.9000000000000002,0.00024709100034669973,-0.03734134198786525,0.06576821748531539,0.0,0.11986859419579407,0.4554345949097191,0.0,0.0,0.6441233109833703,0.2585831375652056,0.11986859419579407,0.6441233109833703,-1.5496254850907034e-06,2.48422304461118e-06,0.11986859419579407,0.6441233109833703,0.11986859419579407,0.6441233109833703,1.5,0.0,0.0
0.9500000000000003,0.00032934399860096164,-0.03704623450400343,0.06416498394539723,0.0,0.14254697058631047,0.45356752781032583,0.0,0.0,0.6572168884053446,0.26187154843947136,0.14254697058631047,0.6572168884053446,-1.5930281430447769e-06,2.4740460030759726e-06,0.14254697058631047,0.6572168884053446,0.14254697058631047,0.6572168884053446,1.5,0.0,0.0
1.0000000000000002,0.00022164799884194508,-0.03704617251660853,0.06312942891278911,0.0,0.1651327313905667,0.45171521608512566,0.0,0.0,0.6704708782871811,0.26507979763674117,0.1651327313905667,0.6704708782871811,-1.635615047850802e-06,2.4639486202727145e-06,0.1651327313905667,0.6704708782871811,0.1651327313905667,0.6704708782871811,1.5,0.0,0.0
1.0500000000000003,0.0002116210016538389,-0.03734144046701231,0.06262593531218745,0.0,0.18762587676353157,0.44986290745929525,0.0,0.0,0.6838826917412997,0.2682362690823806,0.18762587676353157,0.6838826917412997,-1.6787065747770763e-06,2.4538506955862627e-06,0.18762587676353157,0.6838826917412997,0.18762587676353157,0.6838826917412997,1.5,0.0,0.0
1.1000000000000003,0.0003925379969587084,-0.03794691065952212,0.06264594727796498,0.0,0.21002566853532875,0.4479958354359446,0.0,0.0,0.6974510700336988,0.2713675658479899,0.21002566853532875,0.6974510700336988,-1.7236283880268486e-06,2.443671915111162e-06,0.21002566853532875,0.6974510700336988,0.21002566853532875,0.6974510700336988,1.5,0.0,0.0
1.1500000000000004,0.00020321600095485337,-0.03889387741498175,0.06320776384398206,0.0,0.23233059303047718,0.4460984899029685,0.0,0.0,0.7111760631942943,0.27449986321188813,0.23233059303047718,0.7111760631942943,-1.7717769259543471e-06,2.4333278942783196e-06,0.23233059303047718,0.7111760631942943,0.23233059303047718,0.7111760631942943,1.5,0.0,0.0
1.2000000000000004,0.00018971200188389048,-0.04023419289149601,0.06435993110565463,0.0,0.2545382828320882,0.44415379603221944,0.0,0.0,0.7250590757644984,0.2776602514040872,0.2545382828320882,0.7250590757644984,-1.8246933172362505e-06,2.42272571885331e-06,0.2545382828320882,0.7250590757644984,0.2545382828320882,0.7250590757644984,1.5,0.0,0.0
1.2500000000000004,0.00018368300152360462,-0.04204776661228329,0.06618923177266448,0.0,0.2766453871514703,0.44214208638764463,0.0,0.0,0.739102988162466,0.28087824795936983,0.2766453871514703,0.739102988162466,-1.8841560844052314e-06,2.411758360390893e-06,0.2766453871514703,0.739102988162466,0.2766453871514703,0.739102988162466,1.5,0.0,0.0
1.3000000000000005,0.00024391799888690002,-0.04445559566893709,0.06883569588629568,0.0,0.2986473720543222,0.44003969805703047,0.0,0.0,0.7533123736398657,0.28418770954800293,0.2986473720543222,0.7533123736398657,-1.952307789495795e-06,2.4002970535919485e-06,0.2986473720543222,0.7533123736398657,0.2986473720543222,0.7533123736398657,1.5,0.0,0.0
1.3500000000000005,0.0002703930003917776,-0.04764269059500952,0.07251972674387483,0.0,0.32053821796800125,0.4378169182735836,0.0,0.0,0.7676938483569815,0.28762949434231766,0.32053821796800125,0.7676938483569815,-2.0318405489310115e-06,2.3881801351428207e-06,0.32053821796800125,0.7676938483569815,0.32053821796800125,0.7676938483569815,1.5,0.0,0.0
1.4000000000000006,0.00021050299983471632,-0.05190006982147196,0.07759214590944762,0.0,0.34230995715519313,0.4354347837438331,0.0,0.0,0.7822566223909566,0.2912554806795113,0.34230995715519313,0.7822566223909566,-2.126285012672163e-06,2.375195660222603e-06,0.34230995715519313,0.7822566223909566,0.34230995715519313,0.7822566223909566,1.5,0.0,0.0
1.4500000000000006,0.0002059539983747527,-0.05770650249710625,0.08463148054461406,0.0,0.3639519461678316,0.4328397802527595,0.0,0.0,0.7970133767897051,0.29513508797498356,0.3639519461678316,0.7970133767897051,-2.2404887106206828e-06,2.3610526277409124e-06,0.3639519461678316,0.7970133767897051,0.3639519461678316,0.7970133767897051,1.5,0.0,0.0
1.5000000000000007,0.00021594600184471346,-0.06590123658229022,0.0946484489492389,0.0,0.38544966892422666,0.4299544551279042,0.0,0.0,0.8119817098898169,0.29936666200221407,0.38544966892422666,0.8119817098898169,-2.3814627513409956e-06,2.345330047037982e-06,0.38544966892422666,0.8119817098898169,0.38544966892422666,0.8119817098898169,1.5,0.0,0.0
1.5500000000000007,0.00041503099782858044,-0.07809149804745896,0.10956477027354583,0.0,0.4067826385891667,0.4266593932987897,0.0,0.0,0.8271866641123002,0.30409908444967587,0.4067826385891667,0.8271866641123002,-2.5600063788081386e-06,2.3273792212077347e-06,0.4067826385891667,0.8271866641123002,0.4067826385891667,0.8271866641123002,1.5,0.0,0.0
1.6000000000000008,0.00028912799825775437,-0.09777311303394401,0.1335180295345592,0.0,0.4279203795089877,0.42275481839641676,0.0,0.0,0.8426655302604693,0.30957732296335294,0.4279203795089877,0.8426655302604693,-2.7941655197928273e-06,2.306115781523928e-06,0.4279203795089877,0.8426655302604693,0.4279203795089877,0.8426655302604693,1.5,0.0,0.0
1.6500000000000008,0.00021041299987700768,-0.1342071970462665,0.17732875650562502,0.0,0.44881368764622415,0.41786616274471955,0.0,0.0,0.8584781914824733,0.3162532244400806,0.44881368764622415,0.8584781914824733,-3.1177317429635842e-06,2.2795090106620962e-06,0.44881368764622415,0.8584781914824733,0.44881368764622415,0.8584781914824733,1.5,0.0,0.0
1.7000000000000008,0.000296496000373736,-0.2223425737556203,0.28118168297102697,0.0,0.4693714777908449,0.4111558028924062,0.0,0.0,0.8747341745957433,0.3251196622653613,0.4693714777908449,0.8747341745957433,-3.6061675019266532e-06,2.243026499087298e-06,0.4693714777908449,0.8747341745957433,0.4693714777908449,0.8747341745957433,1.5,0.0,0.0
1.7500000000000009,0.00020429299911484122,-0.7031539882256289,0.8293257012381056,0.0,0.4893734115010758,0.4000386742046252,0.0,0.0,0.8916931119164397,0.3391787464139118,0.4893734115010758,0.8916931119164397,-4.49203096861289e-06,2.1827344596828894e-06,0.4893734115010758,0.8916931119164397,0.4893734115010758,0.8916931119164397,1.5,0.0,0.0
1.800000000000001,0.00020095400032005273,0.6501084341801907,-0.6231871928508618,0.0,0.5076174602407426,0.36488097479334375,0.0,0.0,0.9107253634902384,0.3806450314758145,0.5076174602407426,0.9107253634902384,-7.5389911697624844e-06,1.9943233667126977e-06,0.5076174602407426,0.9107253634902384,0.5076174602407426,0.9107253634902384,1.5,0.0,0.0
1.850000000000001,0.0002000700005737599,0.19498492923011945,-0.22171043418407677,0.0,0.5274867800658614,0.3973863965023533,0.0,0.0,0.9281996470818906,0.34948567183327406,0.5274867800658614,0.9281996470818906,-4.52096179899776e-06,2.174939965496255e-06,0.5274867800658614,0.9281996470818906,0.5274867800658614,0.9281996470818906,1.5,0.0,0.0
1.900000000000001,0.00023187300030258484,0.10697392602427402,-0.12870279448263383,0.0,0.5478435622140534,0.4071356429638593,0.0,0.0,0.9451196545880913,0.33840015012407115,0.5478435622140534,0.9451196545880913,-3.536957359745916e-06,2.2286692608768737e-06,0.5478435622140534,0.9451196545880913,0.5478435622140534,0.9451196545880913,1.5,0.0,0.0
1.950000000000001,0.0003150199991068803,0.07073370063301793,-0.08789072179864628,0.0,0.5684677791773076,0.412484339265073,0.0,0.0,0.9617179051080874,0.3319650103999401,0.5684677791773076,0.9617179051080874,-2.945337686287663e-06,2.258085313998721e-06,0.5684677791773076,0.9617179051080874,0.5684677791773076,0.9617179051080874,1.5,0.0,0.0
2.000000000000001,0.00021763400218333118,0.05128576573074824,-0.06513417571804685,0.0,0.5892688303921436,0.4160210242967239,0.0,0.0,0.9780964288235882,0.32757047431000824,0.5892688303921436,0.9780964288235882,-2.514923952009327e-06,2.2775176194866465e-06,0.5892688303921436,0.9780964288235882,0.5892688303921436,0.9780964288235882,1.5,0.0,0.0
2.0500000000000007,0.00022509500195155852,0.03929114940168598,-0.05071249126371288,0.0,0.6101980960213074,0.4185853125832613,0.0,0.0,0.9943121170997923,0.3243137655241063,0.6101980960213074,0.9943121170997923,-2.1708369662604365e-06,2.291599590586983e-06,0.6101980960213074,0.9943121170997923,0.6101980960213074,0.9943121170997923,1.5,0.0,0.0
2.1000000000000005,0.00020133799989707768,0.031225329791002263,-0.040810289791519065,0.0,0.6312255895239751,0.4205498700533456,0.0,0.0,1.0104010241478383,0.32177814096092094,0.6312255895239751,1.0104010241478383,-1.8798874570513354e-06,2.3023844265030497e-06,0.6312255895239751,1.0104010241478383,0.6312255895239751,1.0104010241478383,1.5,0.0,0.0
2.1500000000000004,0.00020009999934700318,0.025471063194746506,-0.033626517740701814,0.0,0.6523311463511208,0.4221111365428957,0.0,0.0,1.0263879054714067,0.31973762647134535,0.6523311463511208,1.0263879054714067,-1.6246045821366717e-06,2.3109533072251093e-06,0.6523311463511208,1.0263879054714067,0.6523311463511208,1.0263879054714067,1.5,0.0,0.0
2.2,0.00020420900182216428,0.021185231840869078,-0.028201110610315983,0.0,0.673500380836253,0.42338468970263304,0.0,0.0,1.0422907205006227,0.3180563005843105,0.673500380836253,1.0422907205006227,-1.3947229959347846e-06,2.317941912110882e-06,0.673500380836253,1.0422907205006227,0.673500380836253,1.0422907205006227,1.5,0.0,0.0
2.25,0.00019569800133467652,0.01788663961243854,-0.023975998487732263,0.0,0.6947225784009872,0.4244439512946765,0.0,0.0,1.0581230327533109,0.3166462450537949,0.6947225784009872,1.0581230327533109,-1.1837301835405844e-06,2.3237538559254065e-06,0.6947225784009872,1.0581230327533109,0.6947225784009872,1.0581230327533109,1.5,0.0,0.0
2.3,0.00020886900165351108,0.015281389321735846,-0.020604986845980024,0.0,0.7159894925647516,0.42533828327529843,0.0,0.0,1.0738954050097793,0.31544744512940853,0.7159894925647516,1.0738954050097793,-9.872534538796925e-07,2.3286603860257933e-06,0.7159894925647516,1.0738954050097793,0.7159894925647516,1.0738954050097793,1.5,0.0,0.0
2.3499999999999996,0.00033591900137253106,0.013180256531699405,-0.01786214696233473,0.0,0.737294610201821,0.42610235274138525,0.0,0.0,1.0896162647991336,0.31441719578710975,0.737294610201821,1.0896162647991336,-8.022258041269092e-07,2.3328519422277702e-06,0.737294610201821,1.0896162647991336,0.737294610201821,1.0896162647991336,1.5,0.0,0.0
2.3999999999999995,0.00022671199985779822,0.011456151114784334,-0.015593915961123368,0.0,0.7586326784802191,0.42676136556797023,0.0,0.0,1.1052924692210842,0.3135240884389932,0.7586326784802191,1.1052924692210842,-6.264201022121343e-07,2.3364669560635084e-06,0.7586326784802191,1.1052924692210842,0.7586326784802191,1.1052924692210842,1.5,0.0,0.0
2.4499999999999993,0.00022517899924423546,0.010020706301442188,-0.01369237641710134,0.0,0.7799993871364044,0.42733417312370947,0.0,0.0,1.1209296888531317,0.31274439264093723,0.7799993871364044,1.1209296888531317,-4.5817277745999214e-07,2.3396089389550504e-06,0.7799993871364044,1.1209296888531317,0.7799993871364044,1.1209296888531317,1.5,0.0,0.0
2.499999999999999,0.00020648600184358656,0.008810677227726762,-0.012079544827419525,0.0,0.8013911475583426,0.4278352084387816,0.0,0.0,1.1365326775441376,0.3120597738200824,0.8013911475583426,1.1365326775441376,-2.9621174458908717e-07,2.3423571281905834e-06,0.8013911475583426,1.1365326775441376,0.8013911475583426,1.1365326775441376,1.5,0.0,0.0
2.549999999999999,0.00021469499915838242,0.007779675714474868,-0.01069772065415079,0.0,0.8228049346733504,0.4282757423001679,0.0,0.0,1.1521054673730746,0.3114557965787116,0.8228049346733504,1.1521054673730746,-1.3954484993359707e-07,2.3447733915285457e-06,0.8228049346733504,1.1521054673730746,0.8228049346733504,1.1521054673730746,1.5,0.0,0.0
2.5999999999999988,0.0002112889997079037,0.006892953729365112,-0.009503335215061883,0.0,0.8442381709776439,0.4286647260858916,0.0,0.0,1.1676515129003762,0.31092091054600424,0.8442381709776439,1.1676515129003762,1.2614926486642837e-08,2.3469068590053794e-06,0.8442381709776439,1.1676515129003762,0.8442381709776439,1.1676515129003762,1.5,0.0,0.0
2.6499999999999986,0.00038390000190702267,0.006124005711038159,-0.008462909774159106,0.0,0.8656886396662613,0.42900937377235987,0.0,0.0,1.1831738000896386,0.3104457437852513,0.8656886396662613,1.1831738000896386,1.609010844149232e-07,2.3487971206850557e-06,0.8656886396662613,1.1831738000896386,0.8656886396662613,1.1831738000896386,1.5,0.0,0.0
2.6999999999999984,0.0002286080016347114,0.005452278406586426,-0.0075503062781250505,0.0,0.8871544183691573,0.42931557405791176,0.0,0.0,1.1986749300044663,0.3100225982965435,0.8871544183691573,1.1986749300044663,3.058301251694228e-07,2.350476490591738e-06,0.8871544183691573,1.1986749300044663,0.8871544183691573,1.1986749300044663,1.5,0.0,0.0
2.7499999999999982,0.00019880000036209822,0.0048616149384386,-0.006744848145358322,0.0,0.9086338277680697,0.4295881879782411,0.0,0.0,1.214157184153597,0.30964508298263743,0.9086338277680697,1.214157184153597,4.4782790655289015e-07,2.3519716413464988e-06,0.9086338277680697,1.214157184153597,0.9086338277680697,1.214157184153597,1.5,0.0,0.0
2.799999999999998,0.00022622300093644299,0.00433915094640366,-0.006029975598451179,0.0,0.9301253912043275,0.42983126872516303,0.0,0.0,1.2296225761823654,0.3093078405753697,0.9301253912043275,1.2296225761823654,5.872490952138816e-07,2.3533048113385597e-06,0.9301253912043275,1.2296225761823654,0.9301253912043275,1.2296225761823654,1.5,0.0,0.0
2.849999999999998,0.00020876700000371784,0.0038745274621488947,-0.005392280835905214,0.0,0.9516278025179505,0.43004822627248324,0.0,0.0,1.2450728932721389,0.3090063417954473,0.9516278025179505,1.2450728932721389,7.243917243665062e-07,2.354494708675919e-06,0.9516278025179505,1.2450728932721389,0.9516278025179505,1.2450728932721389,1.5,0.0,0.0
2.8999999999999977,0.00021435300004668534,0.00345931773670031,-0.004820801020095685,0.0,0.9731399001502297,0.4302419526455907,0.0,0.0,1.26050972965982,0.3087367277536522,0.9731399001502297,1.26050972965982,8.595082634592212e-07,2.355557198966408e-06,0.9731399001502297,1.26050972965982,0.9731399001502297,1.26050972965982,1.5,0.0,0.0
2.9499999999999975,0.0003164670015394222,0.003086603346723154,-0.004306492287469137,0.0,0.9946606460768517,0.4304149185324257,0.0,0.0,1.275934514044954,0.30849568770264757,0.9946606460768517,1.275934514044954,9.928141493767433e-07,2.3565058356854228e-06,0.9946606460768517,1.275934514044954,0.9946606460768517,1.275934514044954,1.5,0.0,0.0
2.9999999999999973,0.00027354700068826787,0.0027506564351389255,-0.003841833260556147,0.0,1.016189108511841,0.4305692486997619,0.0,0.0,1.2913485321993678,0.3082803630882742,1.016189108511841,1.2913485321993678,1.1244944413881036e-06,2.357352274154324e-06,1.016189108511841,1.2913485321993678,1.016189108511841,1.2913485321993678,1.5,0.0,0.0
3.049999999999997,0.00030152099861879833,0.0024466983211663476,-0.0034205222438448615,0.0,1.0377244475879186,0.4307067815215188,0.0,0.0,1.3067529457706306,0.3080882714252466,1.0377244475879186,1.3067529457706306,1.2547090704380326e-06,2.3581065982969256e-06,1.0377244475879186,1.3067529457706306,1.0377244475879186,1.3067529457706306,1.5,0.0,0.0
3.099999999999997,0.0002705139995669015,0.0021707140702552363,-0.00303724345158325,0.0,1.0592659034097993,0.43082911643757715,0.0,0.0,1.322148808036283,0.30791724531305453,1.0592659034097993,1.322148808036283,1.3835970212250559e-06,2.358777581090556e-06,1.0592659034097993,1.322148808036283,1.0592659034097993,1.322148808036283,1.5,0.0,0.0
3.149999999999997,0.00020841900186496787,0.0019193085032111496,-0.0026874846111682883,0.0,1.0808127860168524,0.4309376521410899,0.0,0.0,1.3375370771933048,0.3077653831404755,1.0808127860168524,1.3375370771933048,1.5112796949473852e-06,2.359372894162032e-06,1.0808127860168524,1.3375370771933048,1.0808127860168524,1.3375370771933048,1.5,0.0,0.0
3.1999999999999966,0.00020428399875527248,0.0016895932758836194,-0.0023673932733627523,0.0,1.1023644668951658,0.43103361756625047,0.0,0.0,1.3529186276388017,0.30763100890991724,1.1023644668951658,1.3529186276388017,1.6378636361820278e-06,2.3598992778206253e-06,1.1023644668951658,1.3529186276388017,1.1023644668951658,1.3529186276388017,1.5,0.0,0.0
3.2499999999999964,0.00019971899746451527,0.0014790975478343443,-0.0020736626495695184,0.0,1.123920371756669,0.43111809723004463,0.0,0.0,1.368294259601115,0.3075126392462493,1.123920371756669,1.368294259601115,1.763442761391621e-06,2.3603626801307527e-06,1.123920371756669,1.368294259601115,1.123920371756669,1.368294259601115,1.5,0.0,0.0
3.2999999999999963,0.00046322500202222727,0.001285696689442159,-0.0018034401237960957,0.0,1.145479974362039,0.43119205210743633,0.0,0.0,1.3836647074068043,0.3074089561137709,1.145479974362039,1.3836647074068043,1.888100193394811e-06,2.3607683714525943e-06,1.145479974362039,1.3836647074068043,1.145479974362039,1.3836647074068043,1.5,0.0,0.0
3.349999999999996,0.00034299199978704564,0.001107554956900363,-0.0015542533995359072,0.0,1.167042791209135,0.43125633694190846,0.0,0.0,1.3990306466121827,0.30731878410758123,1.167042791209135,1.3990306466121827,2.0119097815450424e-06,2.361121039415866e-06,1.167042791209135,1.3990306466121827,1.167042791209135,1.3990306466121827,1.5,0.0,0.0
3.399999999999996,0.0003344920005474705,0.000943079066944845,-0.0013239504641592292,0.0,1.1886083769436215,0.4313117146897535,0.0,0.0,1.4143927001840617,0.3072410714376046,1.1886083769436215,1.4143927001840617,2.1349373693391876e-06,2.361424868180921e-06,1.1886083769436215,1.4143927001840617,1.1886083769436215,1.4143927001840617,1.5,0.0,0.0
3.4499999999999957,0.0003729999989445787,0.0007908803321609193,-0.0011106504460595204,0.0,1.2101763203757763,0.43135886864310075,0.0,0.0,1.429751443879781,0.30717487391439674,1.2101763203757763,1.429751443879781,2.2572418575950994e-06,2.3616836049348953e-06,1.2101763203757763,1.429751443879781,1.2101763203757763,1.429751443879781,1.5,0.0,0.0
